City_ID,City,Cloudiness,Country,Date,Humidity,Lat,Lng,Max Temp,Wind Speed
0,mataura,80,NZ,1525309624,98,-46.19,168.86,53.08,4.63
1,bubaque,0,GW,1525309859,100,11.28,-15.83,78.46,11.45
2,hermanus,76,ZA,1525309659,97,-34.42,19.24,57.13,4.34
3,nanortalik,12,GL,1525309718,100,60.14,-45.24,24.46,24.36
4,kapaa,92,US,1525309697,80,22.08,-159.32,75.58,5.12
5,hilo,88,US,1525309574,100,19.71,-155.08,76.57,11.27
6,suntar,48,RU,1525309860,83,62.16,117.65,48.13,10.33
7,atuona,88,PF,1525309631,100,-9.8,-139.03,78.1,11.56
8,ushuaia,32,AR,1525309679,100,-54.81,-68.31,27.7,4.79
9,rikitea,80,PF,1525309619,100,-23.12,-134.97,74.5,8.93
10,busselton,56,AU,1525309620,100,-33.64,115.35,62.71,14.85
11,albany,20,US,1525309350,39,42.65,-73.75,71.35,7.25
12,punta arenas,64,CL,1525309657,100,-53.16,-70.91,41.29,11.79
13,namie,92,JP,1525309862,83,37.52,140.86,65.95,9.15
14,puerto ayora,0,EC,1525309635,93,-0.74,-90.35,78.73,11.95
15,champerico,80,MX,1525309831,90,16.38,-93.6,75.4,1.28
16,victoria,64,BN,1525309717,100,5.28,115.24,82.15,5.35
17,lagoa,0,PT,1525309720,89,37.14,-8.45,47.86,5.08
18,codrington,76,AU,1525309649,90,-28.95,153.24,66.31,3.0
19,kundiawa,24,PG,1525309864,91,-6.02,144.97,66.58,0.72
20,san ramon,20,NI,1525309864,73,12.92,-85.84,72.79,2.21
21,broken hill,88,AU,1525309865,33,-31.97,141.45,70.81,19.66
22,port alfred,20,ZA,1525309639,88,-33.59,26.89,66.85,21.23
23,pevek,0,RU,1525309807,99,69.7,170.27,23.29,9.33
24,skjeberg,20,NO,1525309866,89,59.21,11.19,42.91,8.14
25,broome,0,GB,1525309714,95,52.47,1.45,40.12,9.15
26,tupik,0,RU,1525309867,43,54.43,119.94,49.48,5.23
27,ilulissat,64,GL,1525309694,90,69.22,-51.1,15.28,5.41
28,talcahuano,80,CL,1525309867,97,-36.72,-73.12,56.68,8.14
29,geraldton,68,CA,1525309868,78,49.72,-86.95,39.76,2.89
30,salalah,8,OM,1525309832,100,17.01,54.1,79.81,6.91
31,saskylakh,36,RU,1525309712,89,71.97,114.09,7.9,9.44
32,honningsvag,0,NO,1525309869,92,70.98,25.97,34.45,11.12
33,ugoofaaru,56,MV,1525309869,98,5.67,73.0,85.66,9.93
34,tiznit,0,MA,1525309869,94,29.7,-9.73,55.96,6.35
35,churapcha,92,RU,1525309870,63,62.0,132.43,44.71,6.8
36,lompoc,0,US,1525309666,81,34.64,-120.46,56.86,7.58
37,cockburn town,76,TC,1525309681,100,21.46,-71.14,75.85,16.6
38,kruisfontein,92,ZA,1525309723,100,-34.0,24.73,64.33,20.33
39,new iberia,0,US,1525309871,50,30.0,-91.82,82.06,15.3
40,cape town,0,ZA,1525309635,95,-33.93,18.42,61.36,14.63
41,kimbe,20,PG,1525309796,100,-5.56,150.15,82.78,3.0
42,san cristobal,32,EC,1525309872,94,-0.39,-78.55,48.4,1.39
43,colares,0,PT,1525309688,100,38.8,-9.45,55.15,7.87
44,san giovanni in fiore,100,IT,1525309873,100,39.25,16.7,58.57,13.06
45,manokwari,68,ID,1525309805,99,-0.87,134.08,83.32,6.08
46,kuching,12,MY,1525309874,100,1.56,110.34,80.44,4.63
47,tutoia,76,BR,1525309874,99,-2.76,-42.27,76.3,6.02
48,hithadhoo,64,MV,1525309634,100,-0.6,73.08,83.95,15.19
49,mnogovershinnyy,0,RU,1525309875,54,53.94,139.92,47.68,3.29
50,lebu,36,ET,1525309644,89,8.96,38.73,47.05,2.73
51,saint-philippe,64,CA,1525309627,55,45.36,-73.48,67.93,21.18
52,ankang,24,CN,1525309875,71,32.73,108.99,57.76,2.55
53,mitsamiouli,0,KM,1525309714,98,-11.38,43.28,80.71,7.36
54,chuy,92,UY,1525309654,97,-33.69,-53.46,66.4,16.15
55,conde,92,BR,1525309753,86,-11.81,-37.61,78.91,7.76
56,katsuura,0,JP,1525309745,78,33.93,134.5,59.65,14.92
57,alice springs,80,AU,1525309713,15,-23.7,133.88,81.97,9.78
58,ponta do sol,0,BR,1525309669,49,-20.63,-46.0,62.08,6.64
59,dikson,80,RU,1525309621,96,73.51,80.55,15.55,25.21
60,vardo,5,US,1525304820,21,39.62,-77.74,80.6,4.7
61,avarua,32,CK,1525309631,99,-21.21,-159.78,79.45,12.35
62,kaitangata,36,NZ,1525309699,90,-46.28,169.85,55.06,4.63
63,trzebiatow,88,PL,1525309879,87,54.06,15.26,53.89,10.56
64,hobart,24,AU,1525309381,78,-42.88,147.33,59.92,5.57
65,qingdao,8,CN,1525309880,90,36.09,120.35,53.8,6.13
66,kavaratti,36,IN,1525309763,100,10.57,72.64,84.13,4.29
67,carovigno,92,IT,1525309880,88,40.71,17.66,62.26,19.44
68,norman wells,76,CA,1525309681,94,65.28,-126.83,33.55,5.75
69,jamestown,76,AU,1525309706,75,-33.21,138.6,62.08,12.95
70,antofagasta,0,CL,1525309744,94,-23.65,-70.4,60.55,2.33
71,vaini,68,IN,1525309637,93,15.34,74.49,69.55,2.06
72,hofn,0,IS,1525309882,100,64.25,-15.21,36.88,13.69
73,kabalo,0,CD,1525309882,87,-6.05,26.92,71.8,4.9
74,lima,0,PE,1525309876,77,-12.06,-77.04,63.25,2.39
75,khatanga,44,RU,1525309670,85,71.98,102.47,8.98,8.59
76,fortuna,76,ES,1525309705,36,38.18,-1.13,55.78,10.67
77,bluff,32,AU,1525309662,60,-23.58,149.07,75.31,8.66
78,iqaluit,56,CA,1525309727,76,63.75,-68.52,9.43,11.68
79,nikolskoye,0,RU,1525309633,91,59.7,30.79,41.38,7.92
80,orlik,8,RU,1525309885,89,52.51,99.83,22.84,2.55
81,college,75,US,1525305360,51,64.86,-147.8,39.2,9.17
82,obo,24,CF,1525309885,86,5.39,26.49,71.8,2.89
83,narsaq,0,GL,1525309626,79,60.91,-46.05,7.0,9.78
84,imuris,0,MX,1525309886,22,30.78,-110.86,67.48,10.45
85,union,12,US,1525309887,56,47.36,-123.1,65.41,2.89
86,fukue,64,JP,1525309887,90,35.03,136.69,65.68,11.39
87,mar del plata,68,AR,1525309683,68,-46.43,-67.52,54.25,13.91
88,anderson,0,US,1525309888,41,34.51,-82.65,72.88,4.63
89,port elizabeth,0,US,1525309631,30,39.31,-74.98,78.91,13.58
90,araouane,0,ML,1525309888,17,18.9,-3.53,72.43,9.1
91,saint-pierre,64,FR,1525309889,92,48.95,4.24,50.02,5.79
92,sitka,80,US,1525309665,22,37.17,-99.65,82.96,13.85
93,ostersund,0,SE,1525309890,83,63.18,14.64,35.89,7.81
94,jatai,0,IN,1525309890,75,28.97,76.18,72.61,13.29
95,la ronge,90,CA,1525305600,35,55.1,-105.3,55.4,9.17
96,acapulco,12,MX,1525309483,57,16.86,-99.88,86.38,7.81
97,kupang,8,ID,1525309891,93,-10.16,123.6,81.88,10.16
98,butaritari,32,KI,1525309650,100,3.07,172.79,83.41,9.93
99,binzhou,0,CN,1525309892,69,37.38,117.96,58.75,15.19
100,arraial do cabo,76,BR,1525309640,92,-22.97,-42.02,75.49,8.03
101,marawi,44,PH,1525309892,99,8.0,124.29,73.6,2.89
102,ancud,92,CL,1525309669,87,-41.87,-73.83,52.0,8.77
103,kerrville,20,US,1525309893,57,30.05,-99.14,82.96,17.31
104,ulagan,64,RU,1525309893,66,50.63,87.96,27.88,4.07
105,bahia blanca,76,AR,1525309893,100,-38.72,-62.27,56.05,5.3
106,alta floresta,20,BR,1525309894,83,-9.87,-56.08,76.84,1.72
107,shasta lake,0,US,1525309894,29,40.68,-122.36,71.44,0.6
108,payo,20,ID,1525309895,84,-3.75,103.64,75.49,3.0
109,juneau,92,US,1525309672,98,58.3,-134.42,38.5,3.4
110,fukuma,0,JP,1525309895,94,33.77,130.47,58.93,17.16
111,arcata,20,US,1525305180,76,40.87,-124.08,57.2,8.05
112,natalicio talavera,0,PY,1525309896,72,-25.65,-56.31,73.78,2.21
113,ziro,12,IN,1525309896,83,27.54,93.82,54.16,2.06
114,havoysund,0,NO,1525309811,95,71.0,24.66,34.9,11.9
115,east london,24,ZA,1525309684,100,-33.02,27.91,70.09,21.9
116,belomorsk,92,RU,1525309897,93,64.52,34.76,34.36,10.56
117,saldanha,8,PT,1525309717,91,41.42,-6.55,43.36,3.89
118,manuk mangkaw,44,PH,1525309898,100,4.8,119.85,79.18,8.59
119,gazli,0,UZ,1525309898,46,40.13,63.45,61.9,10.45
120,kortkeros,64,RU,1525309899,71,61.81,51.56,28.42,5.08
121,ribeira grande,20,PT,1525309643,100,38.52,-28.7,61.63,10.83
122,tasiilaq,76,GL,1525309633,94,65.61,-37.64,27.43,28.5
123,margate,64,AU,1525309853,80,-43.03,147.26,60.19,7.25
124,padang,20,ID,1525309766,100,-0.92,100.36,82.78,5.3
125,souillac,80,FR,1525309699,94,45.6,-0.6,51.91,5.23
126,cayenne,92,GF,1525309900,92,4.94,-52.33,77.65,7.14
127,bathsheba,92,BB,1525309622,99,13.22,-59.52,79.63,19.84
128,adrar,0,DZ,1525309779,28,27.87,-0.29,61.36,9.15
129,huarmey,0,PE,1525309901,72,-10.07,-78.15,68.74,3.29
130,tuktoyaktuk,0,CA,1525309638,100,69.44,-133.03,13.48,6.76
131,saint anthony,0,US,1525309637,45,43.97,-111.68,56.41,7.09
132,port blair,64,IN,1525309799,100,11.67,92.75,83.41,4.56
133,aksarka,24,RU,1525309902,70,66.56,67.8,1.96,2.62
134,banjar,0,ID,1525309902,86,-7.37,108.54,70.81,2.28
135,plettenberg bay,64,ZA,1525309677,95,-34.05,23.37,62.8,14.41
136,svetlogorsk,76,RU,1525309645,100,53.14,59.15,40.03,5.53
137,torbay,32,CA,1525309685,75,47.66,-52.73,42.1,16.42
138,beckley,0,US,1525309903,43,37.78,-81.19,70.27,4.12
139,hovd,0,NO,1525309687,78,63.83,10.7,45.61,8.81
140,kapit,44,MY,1525309904,98,2.02,112.94,73.51,2.77
141,mount isa,0,AU,1525309904,30,-20.73,139.49,80.44,6.8
142,vilhena,8,BR,1525309904,77,-12.74,-60.15,74.23,2.77
143,maumere,0,ID,1525309905,100,-8.63,122.22,83.68,6.08
144,van,48,TR,1525309809,100,38.51,43.37,47.41,4.79
145,kungurtug,44,RU,1525309905,93,50.6,97.53,30.85,3.06
146,qaanaaq,0,GL,1525309619,72,77.48,-69.36,0.16,0.6
147,iquitos,12,PE,1525309824,90,-3.75,-73.25,77.2,3.85
148,carnarvon,0,ZA,1525309647,65,-30.97,22.13,43.9,11.27
149,faanui,80,PF,1525309644,100,-16.48,-151.75,82.51,11.16
150,lasa,36,CY,1525309769,89,34.92,32.53,68.02,3.06
151,kijang,0,KR,1525309907,61,35.24,129.21,56.86,10.16
152,cherskiy,20,RU,1525309671,82,68.75,161.3,31.93,6.8
153,brigantine,0,US,1525309908,44,39.41,-74.36,69.1,14.58
154,barrow,92,AR,1525309597,96,-38.31,-60.23,59.56,7.76
155,vihti,56,FI,1525309908,99,60.42,24.32,39.49,4.12
156,dunedin,56,NZ,1525309592,81,-45.87,170.5,53.53,3.85
157,belaya kholunitsa,44,RU,1525309909,90,58.84,50.85,39.58,8.25
158,port hedland,0,AU,1525309737,58,-20.31,118.58,73.15,5.3
159,luderitz,8,NA,1525309722,86,-26.65,15.16,56.5,12.28
160,alyangula,0,AU,1525309910,91,-13.85,136.42,84.58,9.93
161,mastic beach,8,US,1525309911,69,40.77,-72.85,56.68,20.4
162,provideniya,80,RU,1525309654,100,64.42,-173.23,27.97,2.51
163,el triunfo,8,HN,1525309911,34,13.12,-86.99,91.51,7.76
164,chapais,56,CA,1525309726,95,49.78,-74.86,37.33,6.02
165,omboue,88,GA,1525309675,100,-1.57,9.26,77.38,7.09
166,buraydah,24,SA,1525309750,77,26.33,43.97,62.8,2.89
167,dingle,76,PH,1525309912,90,11.0,122.67,79.09,4.56
168,verkhnyaya toyma,92,RU,1525309701,99,62.24,45.0,35.08,8.93
169,fairbanks,75,US,1525305360,51,64.84,-147.72,39.2,9.17
170,hamilton,0,BM,1525309634,100,32.3,-64.78,69.73,6.13
171,ambulu,12,ID,1525309914,100,-8.35,113.61,76.93,4.56
172,dormidontovka,76,RU,1525309914,47,47.77,134.91,50.83,14.36
173,teguise,36,ES,1525309914,99,29.06,-13.56,60.46,6.42
174,pisco,0,PE,1525309722,83,-13.71,-76.2,68.02,2.06
175,miles city,1,US,1525305180,36,46.41,-105.84,62.6,3.36
176,upernavik,12,GL,1525309662,100,72.79,-56.15,8.35,7.92
177,gorontalo,48,ID,1525309821,89,0.54,123.06,79.0,2.77
178,tuatapere,80,NZ,1525309667,94,-46.13,167.69,55.6,8.43
179,zaraza,88,VE,1525309916,100,9.35,-65.33,72.61,2.55
180,yellowknife,76,CA,1525309658,62,62.45,-114.38,48.13,10.56
181,bredasdorp,44,ZA,1525309664,90,-34.53,20.04,63.16,11.68
182,bethel,76,US,1525309664,72,60.79,-161.76,40.12,4.63
183,pangnirtung,64,CA,1525309917,84,66.15,-65.72,10.69,11.34
184,kununurra,36,AU,1525309917,57,-15.77,128.74,81.61,4.52
185,axim,0,GH,1525309767,99,4.87,-2.24,82.51,12.12
186,walvis bay,8,NA,1525309918,100,-22.95,14.51,64.6,10.16
187,buritizeiro,0,BR,1525309918,70,-17.37,-44.96,68.92,6.91
188,montepuez,56,MZ,1525309918,92,-13.13,39.0,70.99,6.42
189,revelstoke,56,CA,1525309919,53,50.99,-118.19,51.46,1.77
190,carnduff,0,CA,1525309919,33,49.17,-101.8,59.2,15.7
191,komsomolskiy,8,RU,1525309920,53,67.55,63.78,-4.43,3.11
192,biak,20,ID,1525309666,92,-0.91,122.88,81.43,5.12
193,kodiak,92,US,1525309634,99,39.95,-94.76,64.78,7.81
194,new norfolk,8,AU,1525309632,81,-42.78,147.06,57.76,6.13
195,kudymkar,36,RU,1525309925,57,59.01,54.66,36.61,8.59
196,mehamn,0,NO,1525309925,87,71.03,27.85,30.76,7.54
197,severo-kurilsk,36,RU,1525309661,96,50.68,156.12,33.46,6.24
198,zhigansk,88,RU,1525309841,99,66.77,123.37,37.06,4.0
199,cabo san lucas,0,MX,1525309697,96,22.89,-109.91,72.7,10.11
200,wanning,20,AT,1525309742,84,48.64,13.53,53.35,2.33
201,amahai,68,ID,1525309659,100,-3.31,129.0,79.72,6.8
202,yerbogachen,92,RU,1525309926,92,61.28,108.01,34.72,13.96
203,kamaishi,100,JP,1525309698,97,39.28,141.86,61.81,10.83
204,shintomi,12,JP,1525309927,100,32.08,131.47,60.73,13.8
205,kirakira,100,SB,1525309743,100,-10.46,161.92,83.68,7.31
206,chokurdakh,92,RU,1525309645,99,70.62,147.9,37.06,11.61
207,kajaani,92,FI,1525309928,96,64.22,27.73,33.01,5.75
208,maldonado,92,UY,1525309929,90,-34.91,-54.96,67.03,16.82
209,mokobeng,0,BW,1525309929,79,-23.0,27.67,52.72,2.73
210,doha,32,QA,1525309929,59,25.29,51.53,79.99,5.64
211,saint-louis,92,CH,1525309930,80,47.59,7.56,49.93,2.62
212,maniitsoq,8,GL,1525309930,74,65.42,-52.9,11.68,4.07
213,necochea,92,AR,1525309694,98,-38.55,-58.74,60.73,9.82
214,ngunguru,0,NZ,1525309931,98,-35.62,174.5,64.06,16.2
215,logstor,80,DK,1525309931,70,56.96,9.26,51.37,15.08
216,esil,80,KZ,1525309931,90,51.96,66.41,38.95,8.59
217,westport,92,IE,1525309639,87,53.8,-9.52,48.4,13.91
218,nalut,0,LY,1525309932,30,31.86,10.98,58.75,12.84
219,longyearbyen,8,NO,1525309786,97,78.22,15.63,18.25,1.99
220,manaure,8,CO,1525309933,90,11.78,-72.45,81.97,26.49
221,tabuk,0,PH,1525309711,89,17.41,121.44,74.23,1.77
222,lethem,92,GY,1525309934,100,3.38,-59.8,71.53,4.41
223,castro,88,CL,1525309636,94,-42.48,-73.76,49.84,9.78
224,airai,24,TL,1525309782,90,-8.93,125.41,72.43,2.28
225,novikovo,12,UA,1525309935,85,45.05,34.56,54.52,2.55
226,valparaiso,80,US,1525309897,50,41.47,-87.06,80.35,16.82
227,sobolevo,8,RU,1525309935,77,54.43,31.9,50.56,3.06
228,marystown,88,CA,1525309809,92,47.17,-55.16,41.2,14.14
229,shelburne,68,CA,1525309936,57,44.08,-80.2,72.34,20.33
230,takapau,0,NZ,1525309936,70,-40.02,176.35,57.04,3.0
231,mtimbira,92,TZ,1525309937,100,-8.78,36.35,65.86,1.77
232,kishi,24,NG,1525309937,84,9.08,3.85,76.57,11.16
233,sept-iles,36,CA,1525309534,79,50.2,-66.38,35.62,7.14
234,ersekcsanad,0,HU,1525309938,44,46.25,18.98,66.31,10.83
235,jumla,36,NP,1525309938,84,29.28,82.18,31.39,1.72
236,nelson bay,56,AU,1525309938,100,-32.72,152.14,69.55,6.87
237,bonnyville,36,CA,1525309939,41,54.27,-110.74,61.81,17.94
238,okhotsk,44,RU,1525309764,81,59.36,143.24,35.53,3.22
239,bingol,20,TR,1525309939,88,38.88,40.49,43.9,2.28
240,sibolga,36,ID,1525309751,98,1.74,98.78,70.54,2.55
241,talnakh,76,RU,1525309800,89,69.49,88.39,12.58,9.66
242,beira,92,ES,1525309940,99,43.2,-8.36,49.93,5.41
243,tiksi,68,RU,1525309656,91,71.64,128.87,19.87,5.08
244,nuuk,0,GL,1525309941,100,64.17,-51.74,11.68,5.41
245,clyde river,36,CA,1525309772,86,70.47,-68.59,8.53,2.62
246,naze,12,NG,1525309781,95,5.43,7.07,74.5,4.74
247,puerto escondido,0,MX,1525309942,100,15.86,-97.07,85.48,5.91
248,paso de los toros,100,UY,1525309942,97,-32.81,-56.52,64.78,13.29
249,gold coast,88,AU,1525309942,100,-28.0,153.41,71.17,4.63
250,san luis,0,AR,1525309943,79,-33.3,-66.34,57.13,6.35
251,sechura,0,PE,1525309943,77,-5.56,-80.82,74.05,11.61
252,liaozhong,0,CN,1525309943,44,41.51,122.73,56.23,18.88
253,ambon,0,FR,1525309757,88,47.55,-2.56,44.62,11.68
254,sawtell,88,AU,1525309944,100,-30.38,153.1,64.96,3.33
255,vila franca do campo,0,PT,1525309680,100,37.72,-25.43,59.56,11.83
256,oktyabrskiy,0,RU,1525309945,89,55.61,37.97,53.08,2.62
257,aykhal,76,RU,1525309945,85,65.95,111.51,22.48,7.92
258,puerto el triunfo,0,SV,1525309946,94,13.27,-88.55,84.76,7.54
259,thio,8,NC,1525309946,71,-21.61,166.22,75.67,6.53
260,innisfail,32,CA,1525309946,31,52.02,-113.95,63.88,15.59
261,kuopio,88,FI,1525309947,100,62.89,27.68,33.46,3.29
262,los banos,0,US,1525309712,46,37.06,-120.85,77.92,5.3
263,kigoma,36,TZ,1525309947,100,-4.88,29.64,74.23,1.99
264,fort nelson,88,CA,1525309948,34,58.81,-122.69,55.24,9.89
265,stepnyak,0,KZ,1525309948,95,52.83,70.79,33.19,6.76
266,anloga,48,GH,1525309830,86,5.79,0.9,80.35,8.77
267,alihe,0,CN,1525309803,48,50.57,123.73,49.03,3.0
268,palmer,92,AU,1525309949,90,-34.85,139.16,60.55,16.64
269,port hardy,80,CA,1525309949,84,50.7,-127.42,53.35,2.89
270,nyurba,20,RU,1525309950,84,63.29,118.35,47.68,9.26
271,kahului,64,US,1525309618,77,20.89,-156.47,79.99,8.37
272,alofi,92,NU,1525309687,100,-19.06,-169.92,79.0,5.79
273,georgetown,92,GY,1525309694,90,6.8,-58.16,77.11,6.64
274,chimbote,0,PE,1525309951,89,-9.08,-78.59,68.11,7.25
275,deputatskiy,24,RU,1525309659,90,69.3,139.9,29.05,12.28
276,kayes,0,ML,1525309951,30,14.44,-11.44,79.81,7.76
277,makushino,24,RU,1525309952,74,55.21,67.25,31.39,8.59
278,miri,44,NG,1525309952,91,10.31,9.75,70.18,4.41
279,haapiti,76,PF,1525309953,100,-17.57,-149.87,80.35,6.24
280,hervey bay,36,AU,1525309953,96,-25.3,152.85,74.05,5.79
281,vao,0,EE,1525309954,91,59.1,26.19,41.83,7.25
282,qiongshan,24,CN,1525309954,96,20.01,110.35,77.92,4.41
283,lorengau,92,PG,1525309719,100,-2.02,147.27,82.15,6.02
284,gunnedah,68,AU,1525309954,68,-30.98,150.25,64.51,4.52
285,petropavlovsk-kamchatskiy,0,RU,1525309773,68,53.05,158.65,37.06,5.08
286,emba,36,CY,1525309955,89,34.81,32.42,68.02,3.06
287,karratha,8,AU,1525309711,42,-20.74,116.85,67.66,5.01
288,verkhoyansk,20,RU,1525309956,72,67.55,133.39,40.21,3.74
289,melito di porto salvo,88,IT,1525309956,100,37.92,15.77,59.56,20.07
290,palampur,76,IN,1525309957,92,32.11,76.54,30.13,0.83
291,capelinha,32,BR,1525309957,66,-17.69,-42.52,71.17,9.04
292,viedma,80,AR,1525309957,81,-40.81,-62.99,56.32,13.85
293,pacific grove,0,US,1525309415,75,36.62,-121.92,60.55,5.41
294,haines junction,32,CA,1525309747,48,60.75,-137.51,34.0,4.12
295,pontianak,76,ID,1525309958,100,-0.02,109.34,77.56,4.9
296,panorama,0,BR,1525309958,38,-21.35,-51.86,75.13,5.41
297,mandera,32,ET,1525309738,67,3.94,41.86,80.35,7.25
298,acari,0,BR,1525309959,80,-6.44,-36.64,72.43,6.42
299,port pirie,92,AU,1525309959,100,-33.18,138.01,60.55,16.37
300,puerto baquerizo moreno,80,EC,1525309960,100,-0.9,-89.6,78.19,7.65
301,kandrian,56,PG,1525309960,93,-6.21,149.55,80.62,4.41
302,leh,88,IN,1525309740,87,34.16,77.58,11.59,1.83
303,oranjestad,44,AW,1525309727,96,12.52,-70.03,80.35,26.66
304,beloha,32,MG,1525309818,55,-25.17,45.06,71.8,9.89
305,lavrentiya,24,RU,1525309744,100,65.58,-170.99,23.47,5.3
306,thinadhoo,92,MV,1525309840,99,0.53,72.93,84.76,15.14
307,kumluca,48,TR,1525309962,80,36.37,30.29,44.98,0.76
308,malinovoye ozero,0,RU,1525309962,82,51.68,79.77,36.52,8.59
309,coihaique,44,CL,1525309700,87,-45.58,-72.07,43.09,5.79
310,acurenam,64,GA,1525309963,98,1.03,10.67,72.43,2.33
311,natal,68,BR,1525309963,91,-5.81,-35.21,76.84,6.53
312,praxedis guerrero,64,MX,1525309964,10,31.37,-106.02,77.56,25.26
313,klaksvik,44,FO,1525309831,98,62.23,-6.59,43.0,17.16
314,los mochis,56,MX,1525309842,38,25.79,-108.99,78.91,10.33
315,nouadhibou,0,MR,1525309765,63,20.93,-17.03,69.1,19.1
316,ahipara,0,NZ,1525309658,77,-35.17,173.16,64.15,8.37
317,mahebourg,80,MU,1525309796,77,-20.41,57.7,75.67,12.06
318,lariano,88,IT,1525309965,85,41.73,12.83,57.85,3.85
319,arroio grande,92,BR,1525309966,100,-32.24,-53.09,68.74,17.65
320,avera,0,US,1525309790,35,33.19,-82.53,76.03,3.78
321,cori,92,IT,1525309966,99,41.64,12.92,60.1,7.31
322,sibu,0,MY,1525309966,92,2.29,111.83,77.56,3.78
323,arona,92,IT,1525309967,90,45.76,8.56,52.27,6.42
324,mathathane,0,BW,1525309967,78,-22.27,28.75,58.21,3.0
325,samarai,0,PG,1525309968,97,-10.62,150.67,82.51,11.61
326,saint george,32,GR,1525309705,86,39.45,22.34,56.41,2.39
327,turan,68,RU,1525309968,76,52.15,93.92,30.22,2.06
328,esperance,92,TT,1525309626,83,10.24,-61.45,79.0,7.54
329,guerrero negro,0,MX,1525309652,63,27.97,-114.04,64.06,11.34
330,karpathos,0,GR,1525309969,98,35.51,27.21,68.38,10.04
331,nhulunbuy,48,AU,1525309970,99,-12.18,136.78,82.96,15.97
332,kaeo,0,NZ,1525309701,59,-35.1,173.78,65.5,10.33
333,riyadh,80,SA,1525309731,37,24.63,46.72,72.88,3.11
334,surt,0,LY,1525309761,85,31.21,16.59,65.95,18.84
335,antibes,76,FR,1525309971,72,43.58,7.11,49.93,3.56
336,siavonga,44,ZW,1525309971,78,-16.54,28.71,67.03,2.62
337,constitucion,0,MX,1525309685,18,23.99,-104.67,80.8,15.08
338,san rafael,0,AR,1525309972,78,-34.61,-68.33,51.01,4.29
339,agvali,0,RU,1525309973,67,42.54,46.12,44.26,2.06
340,puerto plata,56,DO,1525309973,82,19.79,-70.69,78.73,11.45
341,aklavik,48,CA,1525309710,100,68.22,-135.01,24.73,4.9
342,kita,88,JP,1525309973,93,35.76,139.74,72.25,15.19
343,san quintin,0,PH,1525309974,85,17.54,120.52,81.25,3.33
344,san lawrenz,92,MT,1525309974,100,36.06,14.2,61.0,41.25
345,jardim,0,BR,1525309975,45,-21.48,-56.15,76.3,7.31
346,touros,76,BR,1525309690,90,-5.2,-35.46,78.1,8.81
347,haimen,0,CN,1525309975,67,31.87,121.18,64.42,8.88
348,yulara,80,AU,1525309668,45,-25.24,130.99,70.9,14.63
349,srivardhan,44,IN,1525309725,100,18.03,73.02,71.53,3.33
350,faya,0,SA,1525309976,82,18.39,42.45,48.67,1.54
351,hualmay,0,PE,1525309977,84,-11.1,-77.61,67.84,4.79
352,sungairaya,76,ID,1525309977,100,0.7,108.9,74.95,3.56
353,matadi,24,CD,1525309977,100,-5.83,13.46,73.51,2.73
354,tual,24,ID,1525309978,99,-5.67,132.75,84.04,12.68
355,biltine,0,TD,1525309978,56,14.53,20.93,71.26,2.33
356,cardoso,56,BR,1525309979,39,-20.08,-49.91,78.19,8.03
357,linden,88,GY,1525309980,96,6.01,-58.31,75.4,5.08
358,edd,0,ER,1525309980,84,13.93,41.69,65.68,1.54
359,panzhihua,92,CN,1525309980,98,26.59,101.72,57.31,2.62
360,maragogi,92,BR,1525309765,100,-9.01,-35.22,72.25,2.62
361,buala,76,SB,1525309766,93,-8.15,159.59,82.96,3.85
362,simao,92,CN,1525309981,100,22.76,100.79,61.0,2.73
363,nyrob,24,RU,1525309981,77,60.74,56.73,24.1,5.79
364,byron bay,64,AU,1525309982,100,-28.65,153.62,70.09,3.29
365,micheweni,92,TZ,1525309982,100,-4.97,39.83,77.02,14.81
366,santa isabel do rio negro,44,BR,1525309982,92,-0.41,-65.02,77.38,4.52
367,caravelas,0,BR,1525309622,99,-17.73,-39.27,79.09,13.4
368,gravdal,88,NO,1525306800,93,59.79,5.78,44.6,25.28
369,bara,12,NG,1525309983,92,10.41,10.6,74.05,8.03
370,lodingen,0,NO,1525309983,97,68.41,16.0,36.25,6.58
371,tazovskiy,56,RU,1525309801,86,67.47,78.7,8.89,16.2
372,uruacu,0,BR,1525309984,60,-14.52,-49.14,72.79,3.62
373,mujiayingzi,0,CN,1525309985,47,42.12,118.78,46.78,8.37
374,roma,88,IT,1525309591,85,41.89,12.48,57.85,3.85
375,saint-francois,0,FR,1525309986,64,46.42,3.91,41.83,6.24
376,hobyo,76,SO,1525309986,97,5.35,48.53,77.38,9.78
377,zacualpan,12,MX,1525309986,44,21.25,-105.17,83.5,2.84
378,killybegs,92,IE,1525309987,92,54.63,-8.45,47.86,15.93
379,baykit,36,RU,1525309987,66,61.68,96.39,22.84,3.51
380,taltal,0,CL,1525309673,99,-25.41,-70.49,57.49,2.1
381,nizhnyaya poyma,36,RU,1525309987,59,56.16,97.2,36.43,5.23
382,javanrud,8,IR,1525309988,80,34.8,46.49,50.38,3.62
383,gombe,0,NG,1525309988,83,10.28,11.17,76.48,5.91
384,husavik,32,CA,1525309795,70,50.56,-96.99,54.16,8.88
385,puerto leguizamo,56,CO,1525309989,95,-0.19,-74.78,74.59,2.06
386,ulaangom,0,MN,1525309989,61,49.98,92.07,36.88,8.77
387,isiro,48,CD,1525309989,85,2.77,27.62,72.52,2.39
388,gilbues,12,BR,1525309990,36,-9.83,-45.34,85.75,11.56
389,leningradskiy,68,RU,1525309708,100,69.38,178.42,15.55,1.5
390,clinton,75,US,1525304100,83,41.84,-90.19,69.8,4.7
391,yaan,56,NG,1525309690,84,7.38,8.57,79.45,6.31
392,cidreira,68,BR,1525309709,84,-30.17,-50.22,70.45,17.31
393,iralaya,56,HN,1525309991,77,15.0,-83.23,83.23,8.32
394,semnan,88,IR,1525309991,56,35.58,53.39,59.56,3.85
395,tank,8,PK,1525309992,83,32.22,70.39,60.73,2.73
396,luanda,0,AO,1525309992,93,-8.83,13.24,80.98,8.32
397,san patricio,0,PY,1525309651,53,-26.98,-56.83,77.92,4.85
398,hays,24,US,1525309702,68,38.88,-99.33,69.01,7.25
399,olavarria,88,AR,1525309994,98,-36.89,-60.32,59.83,5.64
400,kalakamati,0,BW,1525309994,73,-20.59,27.31,56.86,9.04
401,altay,88,CN,1525309994,91,47.83,88.13,29.41,6.58
402,aripuana,12,BR,1525309995,88,-9.17,-60.63,78.55,2.21
403,octeville,12,FR,1525309995,99,49.63,-1.64,49.48,10.67
404,nome,0,US,1525309734,65,30.04,-94.42,80.98,15.82
405,port-gentil,92,GA,1525309688,100,-0.72,8.78,76.12,8.59
406,abashiri,92,JP,1525309996,98,44.01,144.25,42.64,9.44
407,lata,76,IN,1525309745,100,30.78,78.62,48.22,1.61
408,starotitarovskaya,0,RU,1525309996,65,45.22,37.15,63.34,5.01
409,hami,0,CN,1525309785,45,42.84,93.51,53.98,7.02
410,tsumeb,0,NA,1525309840,56,-19.25,17.72,54.43,6.13
411,noumea,88,NC,1525309997,80,-22.28,166.46,74.41,9.33
412,guatire,80,VE,1525309783,98,10.47,-66.54,71.26,1.61
413,teya,32,MX,1525309655,42,21.05,-89.07,90.97,7.58
414,albertville,92,FR,1525309998,100,45.68,6.39,38.86,1.32
415,kushima,12,JP,1525309999,100,31.5,131.29,60.73,13.8
416,jacareacanga,8,BR,1525310000,95,-6.22,-57.76,76.93,2.06
417,sai buri,56,TH,1525310000,93,6.7,101.62,75.49,2.55
418,lazaro cardenas,92,MX,1525310000,18,28.39,-105.62,82.51,22.75
419,moree,12,AU,1525310001,66,-29.46,149.84,70.63,9.6
420,thompson,0,CA,1525309595,59,55.74,-97.86,48.76,4.9
421,sembakung,80,ID,1525310001,100,3.82,117.25,74.5,2.89
422,bambous virieux,80,MU,1525309621,77,-20.34,57.76,75.67,12.06
423,sidney,36,US,1525310002,44,47.72,-104.16,61.0,11.83
424,poum,8,MK,1525309787,85,41.28,20.71,47.41,2.1
425,lixourion,48,GR,1525310003,82,38.2,20.43,71.71,19.66
426,awbari,0,LY,1525310003,21,26.59,12.77,65.23,10.27
427,san juan,12,PH,1525310004,92,14.6,121.03,82.87,5.91
428,grand gaube,12,MU,1525309732,100,-20.01,57.66,77.56,19.55
429,oksfjord,0,NO,1525310005,98,70.24,22.35,35.44,10.16
430,isangel,0,VU,1525309803,100,-19.55,169.27,76.48,11.12
431,dicabisagan,20,PH,1525310005,100,17.08,122.42,79.81,2.51
432,arlit,0,NE,1525309690,20,18.74,7.39,71.8,3.78
433,ixtapa,12,MX,1525309825,44,20.71,-105.21,83.5,2.84
434,tsaratanana,0,MG,1525310007,74,-16.8,47.65,69.55,12.17
435,tautira,92,PF,1525310007,100,-17.73,-149.15,80.53,8.55
436,san policarpo,92,PH,1525310007,100,12.18,125.51,81.16,4.85
437,chushan,0,CN,1525310008,68,33.3,113.65,64.6,8.66
438,bismarck,0,US,1525309775,55,46.81,-100.78,62.98,10.16
439,kaduna,20,NG,1525310009,87,10.52,7.44,76.21,10.56
440,ust-ishim,12,RU,1525310009,71,57.69,71.17,27.61,5.91
441,yar-sale,32,RU,1525310009,65,66.83,70.83,3.4,11.12
442,tocopilla,12,CL,1525310010,100,-22.09,-70.2,61.45,4.74
443,yinchuan,0,CN,1525310010,40,38.48,106.21,50.65,3.33
444,boueni,0,YT,1525310010,100,-12.9,45.08,82.42,6.8
445,feijo,100,EC,1525310011,96,-3.63,-79.92,70.36,1.77
446,tura,92,IN,1525309691,98,25.52,90.21,66.85,2.73
447,bonfim,0,BR,1525309696,69,-20.33,-44.24,64.24,7.31
448,maryborough,80,AU,1525310012,94,-25.54,152.7,66.58,2.55
449,teguldet,8,RU,1525310012,77,57.31,88.17,27.25,3.06
450,serenje,0,ZM,1525310012,92,-13.23,30.22,59.2,9.33
451,manyoni,8,TZ,1525310013,90,-5.75,34.84,63.16,6.31
452,lucapa,76,AO,1525310013,82,-8.42,20.74,70.72,2.62
453,kihei,64,US,1525310013,77,20.76,-156.45,79.99,8.37
454,vigrestad,92,NO,1525310013,100,58.57,5.7,41.2,12.39
455,piacabucu,80,BR,1525310014,91,-10.41,-36.43,76.3,7.09
456,aljezur,0,PT,1525310004,100,37.31,-8.8,54.88,5.86
457,trairi,76,BR,1525309813,100,-3.28,-39.27,81.16,11.95
458,ambovombe,48,MG,1525309749,89,-25.18,46.09,68.47,6.87
459,anito,48,PH,1525310015,100,12.45,125.29,82.6,9.04
460,la paz,0,MX,1525310015,33,24.15,-110.32,81.88,7.81
461,sabha,0,LY,1525310016,19,27.03,14.43,68.47,11.9
462,beringovskiy,48,RU,1525309712,100,63.05,179.32,29.5,5.08
463,rosetown,56,CA,1525310017,29,51.55,-107.99,63.52,13.96
464,maceio,92,BR,1525310017,100,-9.67,-35.74,73.69,4.63
465,melukote,76,IN,1525310018,97,12.66,76.65,68.92,3.06
466,srednekolymsk,76,RU,1525309721,63,67.46,153.71,36.97,5.86
467,inirida,76,CO,1525309816,85,3.87,-67.92,79.18,1.83
468,narasapur,36,IN,1525310019,97,16.45,81.67,85.21,12.35
469,hoogeveen,100,NL,1525310019,89,52.72,6.48,49.48,12.06
470,morondava,88,MG,1525310019,93,-20.3,44.28,77.38,7.76
471,makakilo city,88,US,1525310019,70,21.35,-158.09,78.1,7.65
472,berlevag,0,NO,1525309691,100,70.86,29.09,32.11,6.64
473,goya,36,AR,1525310020,83,-29.14,-59.27,74.23,7.76
474,ponta delgada,0,PT,1525310021,100,37.73,-25.67,59.92,12.12
475,half moon bay,0,US,1525309702,81,37.46,-122.43,59.83,4.56
476,argelia,48,CO,1525310021,97,4.73,-76.12,64.78,1.05
477,tuyen quang,92,VN,1525310022,100,21.82,105.22,71.53,3.56
478,wamba,20,CD,1525310022,94,2.14,27.99,68.83,2.73
479,langholm,32,GB,1525310022,94,55.15,-3.0,38.59,9.55
480,sosua,56,DO,1525310023,82,19.77,-70.52,78.73,11.45
481,dossor,0,KZ,1525310023,42,47.52,52.98,57.13,4.56
482,harper,20,US,1525305060,54,30.3,-99.24,84.2,14.99
483,zanjan,76,IR,1525310024,95,36.67,48.48,44.26,2.51
484,ambilobe,0,MG,1525309834,67,-13.19,49.05,74.5,11.68
485,fortuna foothills,0,US,1525310024,29,32.66,-114.41,75.4,5.3
486,rocha,92,UY,1525310025,95,-34.48,-54.34,63.61,13.8
487,porto uniao,44,BR,1525310025,88,-26.24,-51.08,64.96,4.74
488,bilokurakyne,0,UA,1525310025,49,49.53,38.74,54.7,6.24
489,vila velha,88,BR,1525309646,100,-3.71,-38.6,81.07,11.16
490,bethanien,0,NA,1525310026,48,-26.5,17.16,52.72,2.39
491,pandan,76,PH,1525310026,100,11.72,122.09,80.8,11.56
492,chara,32,GR,1525310026,86,39.42,22.43,56.41,2.39
493,salvador,20,BR,1525309782,100,-12.98,-38.48,80.35,12.46
494,necocli,24,CO,1525310027,92,8.42,-76.79,81.7,8.59
495,mlonggo,8,ID,1525310028,89,-6.53,110.7,80.62,5.75
496,pulheim,24,DE,1525309735,72,51.0,6.8,45.88,8.55
497,lakes entrance,0,AU,1525309695,76,-37.88,147.99,66.85,6.35
498,simbahan,76,PH,1525310028,100,6.3,120.58,82.06,6.02
499,aksarayskiy,0,RU,1525310029,54,46.79,48.01,55.33,11.95
500,rawson,24,AR,1525309703,58,-43.3,-65.11,50.29,4.85
501,meiktila,32,MM,1525310029,92,20.88,95.86,71.35,4.29
502,alekseyevsk,36,RU,1525309793,70,57.84,108.35,44.35,5.91
503,hammerfest,0,NO,1525310030,98,70.66,23.68,38.14,18.43
504,mount gambier,92,AU,1525309638,85,-37.83,140.78,56.05,7.87
505,corrente,0,BR,1525310030,68,-17.45,-44.68,69.01,7.58
506,yakeshi,0,CN,1525310031,63,49.28,120.73,46.42,4.56
507,chumikan,0,RU,1525309715,48,54.72,135.31,49.21,6.64
508,bastia,64,IT,1525310031,100,44.6,8.98,53.53,10.56
509,te anau,56,NZ,1525309647,95,-45.41,167.72,47.95,3.56
510,pontes e lacerda,32,BR,1525310032,91,-15.23,-59.33,73.15,2.84
511,tecolutilla,8,MX,1525310032,37,18.28,-93.32,95.83,9.66
512,pathankot,20,IN,1525310033,88,32.27,75.65,59.38,2.84
513,concepcion,32,CO,1525310033,88,9.56,-73.66,79.18,1.99
514,bukama,8,CD,1525310034,63,-9.2,25.85,76.12,5.64
515,saint andrews,56,NZ,1525310034,95,-44.53,171.19,52.81,4.12
516,timoteo,8,BR,1525309814,80,-19.58,-42.64,64.69,1.05
517,celestun,8,MX,1525310035,90,20.87,-90.4,83.05,25.48
518,sokoto,0,NG,1525310035,45,13.06,5.24,85.48,11.05
519,bilma,0,NE,1525309835,22,18.69,12.92,76.48,2.73
520,tabou,32,CI,1525310036,99,4.42,-7.36,82.96,8.81
521,port hawkesbury,32,CA,1525310036,74,45.62,-61.36,50.29,6.87
522,mbour,0,SN,1525310037,39,14.41,-16.97,77.56,15.19
523,la asuncion,12,EC,1525310037,86,-1.64,-78.74,47.5,0.98
